Order_id,Order_date,Customer_id,Customer_name,Product,Category,City,Quantity,Unit_price,Payment_method,Discount,Sales_amount,Region,Customer_type,Order_status
ORD0001,05-07-2026,C084,Ananya,Office Chair,Furniture,Mysore,5,8500,UPI,10%,38250,South,New,Completed
ORD0002,06-07-2026,C041,Aditya,Shoes,Clothing,Chennai,3,2800,UPI,20%,6720,South,Returning,Completed
ORD0003,07-07-2026,C089,Manoj,Table Lamp,Furniture,Mangalore,1,1800,Net Banking,10%,1620,South,Returning,Completed
ORD0004,08-07-2026,C088,Rahul,Shoes,Clothing,Bangalore,4,2800,Card,10%,10080,South,Returning,Completed
ORD0005,09-07-2026,C061,Kavya,Laptop,Electronics,Mumbai,1,55000,UPI,5%,52250,West,New,Completed
ORD0006,10-07-2026,C076,Sneha,Shoes,Clothing,Delhi,5,2800,UPI,0%,14000,North,Returning,Completed
ORD0007,11-07-2026,C034,Divya,Mixer,Home Appliances,Pune,4,3500,Net Banking,0%,14000,West,New,Completed
ORD0008,12-07-2026,C033,Isha,Keyboard,Electronics,Bangalore,2,1800,Cash,15%,3060,South,New,Cancelled
ORD0009,13-07-2026,C037,Arjun,Mouse,Electronics,Mangalore,1,900,Cash,20%,720,South,Returning,Cancelled
ORD0010,14-07-2026,C004,Manoj,Keyboard,Electronics,Mysore,1,1800,Net Banking,20%,1440,South,Returning,Completed
ORD0011,15-07-2026,C013,Arjun,Mouse,Electronics,Chennai,3,900,UPI,5%,2565,South,New,Completed
ORD0012,16-07-2026,C083,Nikhil,Vacuum Cleaner,Home Appliances,Mumbai,5,7500,Cash,15%,31875,West,Returning,Completed
ORD0013,17-07-2026,C075,Nikhil,Jeans,Clothing,Chennai,2,1800,Net Banking,15%,3060,South,Returning,Completed
ORD0014,18-07-2026,C041,Neha,T-Shirt,Clothing,Hyderabad,5,900,UPI,5%,4275,South,New,Completed
ORD0015,19-07-2026,C077,Aditya,Fan,Home Appliances,Chennai,4,2800,Cash,10%,10080,South,Returning,Completed
ORD0016,20-07-2026,C063,Suresh,Jeans,Clothing,Mysore,4,1800,UPI,20%,5760,South,Returning,Completed
ORD0017,21-07-2026,C035,Kavya,Keyboard,Electronics,Chennai,5,1800,UPI,5%,8550,South,New,Completed
ORD0018,22-07-2026,C038,Nikhil,Jacket,Clothing,Pune,1,3200,Net Banking,10%,2880,West,Returning,Cancelled
ORD0019,23-07-2026,C094,Kiran,Office Chair,Furniture,Mysore,5,8500,Card,5%,40375,South,Returning,Cancelled
ORD0020,01-05-2026,C008,Rahul,T-Shirt,Clothing,Chennai,4,900,Net Banking,20%,2880,South,New,Completed
ORD0021,07-05-2026,C018,Kavya,Bookshelf,Furniture,Chennai,1,6500,Cash,10%,5850,South,Returning,Completed
ORD0022,06-09-2026,C096,Pooja,Fan,Home Appliances,Hyderabad,1,2800,Card,15%,2380,South,Returning,Completed
ORD0023,01-08-2026,C076,Isha,Vacuum Cleaner,Home Appliances,Hyderabad,1,7500,UPI,0%,7500,South,New,Completed
ORD0024,27-11-2026,C077,Divya,Jacket,Clothing,Bangalore,3,3200,Net Banking,0%,9600,South,Returning,Returned
ORD0025,10-04-2026,C028,Rohan,T-Shirt,Clothing,Mangalore,1,900,Net Banking,20%,720,South,Returning,Completed
ORD0026,18-01-2026,C015,Neha,Bookshelf,Furniture,Hyderabad,3,6500,Net Banking,10%,17550,South,New,Completed
ORD0027,26-11-2026,C085,Asha,Shoes,Clothing,Hyderabad,1,2800,Cash,15%,2380,South,Returning,Returned
ORD0028,22-08-2026,C087,Vikram,Table Lamp,Furniture,Bangalore,3,1800,Net Banking,15%,4590,South,New,Completed
ORD0029,23-08-2026,C064,Priya,Shoes,Clothing,Chennai,1,2800,Card,15%,2380,South,Returning,Completed
ORD0030,02-04-2026,C021,Isha,Fan,Home Appliances,Bangalore,1,2800,Net Banking,15%,2380,South,Returning,Completed
ORD0031,16-06-2026,C008,Asha,Shoes,Clothing,Mangalore,5,2800,Cash,15%,11900,South,Returning,Completed
ORD0032,13-02-2026,C072,Vikram,Microwave,Home Appliances,Mysore,4,11000,Net Banking,20%,35200,South,Returning,Completed
ORD0033,23-10-2026,C051,Asha,Mixer,Home Appliances,Mumbai,3,3500,Cash,5%,9975,West,Returning,Completed
ORD0034,29-09-2026,C013,Meera,Office Chair,Furniture,Delhi,1,8500,Card,0%,8500,North,Returning,Completed
ORD0035,19-11-2026,C050,Rohan,Fan,Home Appliances,Mumbai,1,2800,Net Banking,20%,2240,West,Returning,Completed
ORD0036,28-02-2026,C060,Priya,Headphones,Electronics,Mysore,3,2500,Cash,15%,6375,South,Returning,Cancelled
ORD0037,12-06-2026,C042,Ananya,Mouse,Electronics,Hyderabad,1,900,Card,5%,855,South,New,Cancelled
ORD0038,09-12-2026,C020,Meera,Mouse,Electronics,Pune,4,900,Card,0%,3600,West,Returning,Completed
ORD0039,20-12-2026,C076,Arjun,Table Lamp,Furniture,Delhi,2,1800,Cash,10%,3240,North,Returning,Completed
ORD0040,26-09-2026,C019,Ananya,Desk,Furniture,Hyderabad,2,12000,Card,10%,21600,South,Returning,Completed
ORD0041,25-08-2026,C060,Kiran,Shoes,Clothing,Mysore,3,2800,Cash,15%,7140,South,Returning,Completed
ORD0042,07-06-2026,C047,Suresh,Vacuum Cleaner,Home Appliances,Bangalore,2,7500,Cash,10%,13500,South,New,Completed
ORD0043,23-05-2026,C084,Vikram,Headphones,Electronics,Pune,3,2500,UPI,20%,6000,West,Returning,Completed
ORD0044,06-10-2026,C025,Vikram,Laptop,Electronics,Pune,5,55000,Cash,5%,261250,West,Returning,Completed
ORD0045,04-01-2026,C027,Rahul,Mixer,Home Appliances,Hyderabad,1,3500,Net Banking,10%,3150,South,New,Returned
ORD0046,18-09-2026,C092,Sneha,T-Shirt,Clothing,Mangalore,4,900,Cash,5%,3420,South,Returning,Completed
ORD0047,29-05-2026,C044,Vikram,Fan,Home Appliances,Mumbai,5,2800,UPI,5%,13300,West,Returning,Completed
ORD0048,29-09-2026,C012,Vikram,Bookshelf,Furniture,Delhi,1,6500,Net Banking,5%,6175,North,New,Completed
ORD0049,10-12-2026,C077,Neha,Mixer,Home Appliances,Mysore,1,3500,UPI,20%,2800,South,Returning,Returned
ORD0050,05-02-2026,C055,Divya,Shoes,Clothing,Pune,3,2800,Net Banking,15%,7140,West,Returning,Returned
ORD0051,09-09-2026,C041,Rohan,Smartphone,Electronics,Hyderabad,4,32000,Card,20%,102400,South,New,Completed
ORD0052,27-03-2026,C070,Arjun,Microwave,Home Appliances,Mysore,1,11000,UPI,5%,10450,South,Returning,Cancelled
ORD0053,13-08-2026,C100,Rohan,Fan,Home Appliances,Mangalore,5,2800,Card,5%,13300,South,New,Completed
ORD0054,15-09-2026,C082,Rohan,Keyboard,Electronics,Mysore,4,1800,UPI,5%,6840,South,Returning,Completed
ORD0055,16-01-2026,C057,Pooja,Laptop,Electronics,Pune,1,55000,UPI,0%,55000,West,Returning,Completed
ORD0056,06-06-2026,C077,Aditya,Jeans,Clothing,Pune,1,1800,Cash,0%,1800,West,Returning,Completed
ORD0057,28-03-2026,C098,Vikram,Keyboard,Electronics,Bangalore,1,1800,Card,5%,1710,South,New,Completed
ORD0058,02-09-2026,C045,Amit,Mouse,Electronics,Bangalore,3,900,UPI,0%,2700,South,New,Completed
ORD0059,17-03-2026,C075,Neha,Smartphone,Electronics,Hyderabad,1,32000,Cash,0%,32000,South,Returning,Completed
ORD0060,20-05-2026,C014,Vikram,Jacket,Clothing,Mumbai,2,3200,UPI,5%,6080,West,Returning,Completed
ORD0061,15-08-2026,C015,Pooja,Desk,Furniture,Mangalore,4,12000,Cash,15%,40800,South,Returning,Completed
ORD0062,04-05-2026,C097,Sneha,Office Chair,Furniture,Chennai,2,8500,Cash,0%,17000,South,New,Cancelled
ORD0063,01-05-2026,C062,Pooja,Vacuum Cleaner,Home Appliances,Bangalore,1,7500,Card,15%,6375,South,Returning,Completed
ORD0064,04-05-2026,C050,Pooja,Vacuum Cleaner,Home Appliances,Mysore,5,7500,Card,5%,35625,South,Returning,Returned
ORD0065,13-03-2026,C079,Ananya,Mixer,Home Appliances,Chennai,1,3500,UPI,20%,2800,South,Returning,Completed
ORD0066,28-11-2026,C023,Vikram,Fan,Home Appliances,Delhi,2,2800,Cash,15%,4760,North,New,Completed
ORD0067,08-02-2026,C009,Suresh,T-Shirt,Clothing,Hyderabad,1,900,Net Banking,0%,900,South,Returning,Completed
ORD0068,10-08-2026,C041,Vikram,Microwave,Home Appliances,Mumbai,4,11000,Card,15%,37400,West,New,Completed
ORD0069,08-05-2026,C068,Priya,Microwave,Home Appliances,Pune,1,11000,Net Banking,10%,9900,West,Returning,Completed
ORD0070,13-01-2026,C031,Pooja,Office Chair,Furniture,Mysore,1,8500,Card,10%,7650,South,Returning,Completed
ORD0071,05-08-2026,C042,Neha,Microwave,Home Appliances,Pune,2,11000,Card,5%,20900,West,Returning,Completed
ORD0072,20-07-2026,C067,Suresh,Jacket,Clothing,Bangalore,2,3200,Cash,5%,6080,South,New,Completed
ORD0073,18-04-2026,C032,Rahul,Vacuum Cleaner,Home Appliances,Mysore,3,7500,Card,15%,19125,South,Returning,Returned
ORD0074,18-07-2026,C045,Neha,T-Shirt,Clothing,Bangalore,3,900,Net Banking,0%,2700,South,Returning,Completed
ORD0075,25-10-2026,C038,Manoj,Laptop,Electronics,Bangalore,1,55000,Card,5%,52250,South,New,Completed
ORD0076,28-02-2026,C039,Vikram,Office Chair,Furniture,Mysore,4,8500,UPI,20%,27200,South,Returning,Completed
ORD0077,21-06-2026,C056,Isha,Office Chair,Furniture,Bangalore,3,8500,Net Banking,10%,22950,South,Returning,Completed
ORD0078,03-06-2026,C078,Asha,Shoes,Clothing,Mangalore,1,2800,Card,15%,2380,South,Returning,Completed
ORD0079,22-04-2026,C082,Kavya,T-Shirt,Clothing,Mysore,1,900,Cash,20%,720,South,Returning,Completed
ORD0080,25-09-2026,C013,Vikram,Desk,Furniture,Hyderabad,1,12000,Net Banking,0%,12000,South,Returning,Completed
ORD0081,11-12-2026,C078,Kavya,Table Lamp,Furniture,Hyderabad,3,1800,Net Banking,5%,5130,South,Returning,Completed
ORD0082,28-08-2026,C077,Priya,Laptop,Electronics,Mysore,5,55000,UPI,10%,247500,South,New,Cancelled
ORD0083,08-02-2026,C058,Meera,Headphones,Electronics,Chennai,4,2500,Net Banking,10%,9000,South,Returning,Completed
ORD0084,24-07-2026,C069,Vikram,Headphones,Electronics,Delhi,1,2500,Cash,5%,2375,North,Returning,Completed
ORD0085,23-05-2026,C026,Priya,Headphones,Electronics,Mysore,5,2500,Cash,15%,10625,South,Returning,Cancelled
ORD0086,24-06-2026,C038,Priya,Smartphone,Electronics,Pune,5,32000,Cash,0%,160000,West,New,Completed
ORD0087,17-09-2026,C075,Neha,Jacket,Clothing,Mumbai,4,3200,Net Banking,10%,11520,West,Returning,Completed
ORD0088,09-03-2026,C088,Sneha,Bookshelf,Furniture,Pune,5,6500,Net Banking,20%,26000,West,Returning,Completed
ORD0089,20-10-2026,C035,Kavya,Bookshelf,Furniture,Hyderabad,3,6500,UPI,5%,18525,South,Returning,Completed
ORD0090,29-03-2026,C082,Suresh,Laptop,Electronics,Chennai,1,55000,UPI,5%,52250,South,Returning,Completed
ORD0091,28-09-2026,C030,Ananya,Microwave,Home Appliances,Delhi,1,11000,UPI,15%,9350,North,Returning,Completed
ORD0092,03-06-2026,C056,Isha,Smartphone,Electronics,Delhi,4,32000,Cash,10%,115200,North,New,Completed
ORD0093,05-11-2026,C032,Neha,Jeans,Clothing,Mysore,4,1800,Card,10%,6480,South,Returning,Completed
ORD0094,02-01-2026,C063,Pooja,Vacuum Cleaner,Home Appliances,Chennai,1,7500,Net Banking,15%,6375,South,Returning,Completed
ORD0095,28-12-2026,C009,Meera,Vacuum Cleaner,Home Appliances,Delhi,2,7500,UPI,10%,13500,North,New,Completed
ORD0096,30-03-2026,C052,Asha,Jacket,Clothing,Chennai,3,3200,Cash,0%,9600,South,New,Completed
ORD0097,08-08-2026,C076,Rohan,Mouse,Electronics,Chennai,3,900,UPI,15%,2295,South,Returning,Completed
ORD0098,27-05-2026,C047,Manoj,Mixer,Home Appliances,Bangalore,3,3500,Card,10%,9450,South,Returning,Completed
ORD0099,17-10-2026,C084,Manoj,Jacket,Clothing,Pune,1,3200,UPI,20%,2560,West,Returning,Completed
ORD0100,18-09-2026,C079,Neha,Vacuum Cleaner,Home Appliances,Bangalore,2,7500,Card,10%,13500,South,Returning,Completed
ORD0101,03-10-2026,C059,Pooja,Mixer,Home Appliances,Hyderabad,3,3500,Net Banking,20%,8400,South,Returning,Completed
ORD0102,28-01-2026,C075,Rahul,Microwave,Home Appliances,Delhi,5,11000,UPI,5%,52250,North,New,Completed
ORD0103,24-09-2026,C032,Asha,Shoes,Clothing,Mumbai,3,2800,UPI,5%,7980,West,Returning,Completed
ORD0104,23-07-2026,C020,Kavya,Fan,Home Appliances,Chennai,4,2800,Cash,5%,10640,South,New,Completed
ORD0105,14-02-2026,C017,Rohan,Keyboard,Electronics,Mumbai,5,1800,Cash,5%,8550,West,New,Completed
ORD0106,27-08-2026,C051,Asha,Fan,Home Appliances,Hyderabad,2,2800,Net Banking,5%,5320,South,New,Completed
ORD0107,20-03-2026,C075,Asha,Fan,Home Appliances,Chennai,5,2800,Cash,20%,11200,South,Returning,Completed
ORD0108,12-08-2026,C073,Kiran,T-Shirt,Clothing,Pune,1,900,Net Banking,0%,900,West,New,Completed
ORD0109,25-04-2026,C069,Asha,Laptop,Electronics,Chennai,3,55000,Card,0%,165000,South,Returning,Completed
ORD0110,10-09-2026,C081,Vikram,Keyboard,Electronics,Hyderabad,4,1800,Cash,10%,6480,South,Returning,Completed
ORD0111,24-08-2026,C024,Rahul,Jacket,Clothing,Delhi,2,3200,Card,20%,5120,North,Returning,Completed
ORD0112,20-06-2026,C046,Ananya,T-Shirt,Clothing,Hyderabad,1,900,Net Banking,15%,765,South,Returning,Completed
ORD0113,10-11-2026,C027,Asha,Smartphone,Electronics,Hyderabad,4,32000,Cash,15%,108800,South,New,Completed
ORD0114,14-07-2026,C059,Nikhil,Smartphone,Electronics,Pune,3,32000,UPI,10%,86400,West,New,Completed
ORD0115,09-08-2026,C059,Ananya,Vacuum Cleaner,Home Appliances,Chennai,3,7500,Cash,0%,22500,South,Returning,Completed
ORD0116,15-11-2026,C007,Ananya,Laptop,Electronics,Pune,1,55000,Card,0%,55000,West,Returning,Completed
ORD0117,04-04-2026,C057,Kiran,Microwave,Home Appliances,Chennai,1,11000,Net Banking,0%,11000,South,New,Completed
ORD0118,14-03-2026,C081,Suresh,Table Lamp,Furniture,Bangalore,5,1800,Cash,20%,7200,South,New,Completed
ORD0119,22-07-2026,C003,Suresh,Desk,Furniture,Pune,5,12000,Net Banking,10%,54000,West,Returning,Completed
ORD0120,20-08-2026,C067,Pooja,Vacuum Cleaner,Home Appliances,Bangalore,1,7500,Cash,0%,7500,South,Returning,Completed
ORD0121,19-02-2026,C027,Manoj,Bookshelf,Furniture,Mangalore,2,6500,UPI,20%,10400,South,New,Completed
ORD0122,02-03-2026,C032,Manoj,Fan,Home Appliances,Mumbai,3,2800,Net Banking,20%,6720,West,New,Completed
ORD0123,18-07-2026,C073,Rahul,Fan,Home Appliances,Chennai,2,2800,Card,20%,4480,South,New,Completed
ORD0124,02-09-2026,C027,Meera,Office Chair,Furniture,Hyderabad,4,8500,Net Banking,15%,28900,South,Returning,Cancelled
ORD0125,06-10-2026,C011,Pooja,Table Lamp,Furniture,Chennai,5,1800,Net Banking,5%,8550,South,Returning,Completed
ORD0126,06-12-2026,C014,Divya,Mouse,Electronics,Bangalore,4,900,Card,10%,3240,South,Returning,Completed
ORD0127,18-10-2026,C083,Suresh,Bookshelf,Furniture,Delhi,5,6500,UPI,20%,26000,North,New,Completed
ORD0128,26-05-2026,C087,Suresh,T-Shirt,Clothing,Mangalore,1,900,Card,15%,765,South,Returning,Completed
ORD0129,28-10-2026,C100,Arjun,Table Lamp,Furniture,Mysore,4,1800,Cash,5%,6840,South,Returning,Completed
ORD0130,11-04-2026,C027,Nikhil,Microwave,Home Appliances,Hyderabad,2,11000,Net Banking,5%,20900,South,Returning,Completed
ORD0131,27-03-2026,C097,Kiran,Jacket,Clothing,Pune,4,3200,Cash,5%,12160,West,New,Completed
ORD0132,12-05-2026,C003,Rohan,Mouse,Electronics,Hyderabad,4,900,Cash,20%,2880,South,Returning,Completed
ORD0133,08-05-2026,C054,Sneha,Jeans,Clothing,Mumbai,2,1800,Cash,10%,3240,West,Returning,Completed
ORD0134,17-09-2026,C040,Amit,Office Chair,Furniture,Hyderabad,1,8500,Net Banking,15%,7225,South,Returning,Completed
ORD0135,25-10-2026,C018,Sneha,Mouse,Electronics,Chennai,1,900,Net Banking,5%,855,South,New,Completed
ORD0136,27-09-2026,C030,Nikhil,Mouse,Electronics,Hyderabad,5,900,UPI,10%,4050,South,New,Completed
ORD0137,22-05-2026,C078,Ananya,T-Shirt,Clothing,Pune,5,900,UPI,10%,4050,West,Returning,Completed
ORD0138,22-06-2026,C079,Rohan,Office Chair,Furniture,Mumbai,5,8500,Cash,0%,42500,West,Returning,Returned
ORD0139,31-12-2026,C088,Nikhil,Table Lamp,Furniture,Chennai,5,1800,Net Banking,5%,8550,South,Returning,Cancelled
ORD0140,22-12-2026,C094,Pooja,Keyboard,Electronics,Pune,1,1800,Card,20%,1440,West,New,Completed
ORD0141,22-01-2026,C071,Sneha,Vacuum Cleaner,Home Appliances,Pune,4,7500,Cash,5%,28500,West,Returning,Completed
ORD0142,02-02-2026,C088,Meera,Mixer,Home Appliances,Pune,3,3500,Cash,10%,9450,West,New,Completed
ORD0143,09-11-2026,C077,Ananya,Bookshelf,Furniture,Delhi,1,6500,Net Banking,20%,5200,North,Returning,Completed
ORD0144,15-08-2026,C067,Kiran,Jeans,Clothing,Pune,3,1800,Card,5%,5130,West,New,Completed
ORD0145,05-02-2026,C037,Rohan,Keyboard,Electronics,Mangalore,5,1800,Card,15%,7650,South,Returning,Completed
ORD0146,14-11-2026,C075,Neha,Table Lamp,Furniture,Mysore,4,1800,Card,5%,6840,South,Returning,Completed
ORD0147,17-03-2026,C008,Kavya,Headphones,Electronics,Mysore,5,2500,Card,0%,12500,South,Returning,Completed
ORD0148,17-12-2026,C100,Asha,Headphones,Electronics,Pune,5,2500,UPI,15%,10625,West,New,Completed
ORD0149,13-05-2026,C079,Rohan,Keyboard,Electronics,Mumbai,1,1800,Net Banking,20%,1440,West,Returning,Completed
ORD0150,20-04-2026,C013,Vikram,T-Shirt,Clothing,Mumbai,2,900,UPI,5%,1710,West,Returning,Completed
ORD0151,10-03-2026,C069,Rahul,Keyboard,Electronics,Pune,3,1800,Card,10%,4860,West,Returning,Completed
ORD0152,04-08-2026,C026,Nikhil,Mouse,Electronics,Hyderabad,1,900,Net Banking,10%,810,South,New,Completed
ORD0153,25-04-2026,C079,Amit,Jacket,Clothing,Hyderabad,4,3200,Card,20%,10240,South,Returning,Completed
ORD0154,17-01-2026,C016,Kavya,Smartphone,Electronics,Bangalore,2,32000,UPI,15%,54400,South,Returning,Completed
ORD0155,16-01-2026,C086,Sneha,Microwave,Home Appliances,Delhi,5,11000,Cash,5%,52250,North,Returning,Completed
ORD0156,09-10-2026,C042,Ananya,T-Shirt,Clothing,Mysore,5,900,Cash,10%,4050,South,New,Completed
ORD0157,14-03-2026,C100,Priya,Shoes,Clothing,Delhi,1,2800,UPI,0%,2800,North,Returning,Completed
ORD0158,27-09-2026,C064,Aditya,Shoes,Clothing,Bangalore,4,2800,Cash,0%,11200,South,Returning,Completed
ORD0159,12-09-2026,C085,Ananya,Laptop,Electronics,Mangalore,4,55000,Cash,10%,198000,South,Returning,Completed
ORD0160,23-01-2026,C035,Neha,T-Shirt,Clothing,Bangalore,3,900,Net Banking,10%,2430,South,Returning,Completed
ORD0161,11-04-2026,C019,Priya,Microwave,Home Appliances,Pune,1,11000,Cash,0%,11000,West,Returning,Completed
ORD0162,24-05-2026,C036,Meera,Table Lamp,Furniture,Mumbai,3,1800,Card,0%,5400,West,New,Completed
ORD0163,22-06-2026,C052,Vikram,Headphones,Electronics,Chennai,2,2500,Card,20%,4000,South,Returning,Completed
ORD0164,02-07-2026,C084,Vikram,Microwave,Home Appliances,Hyderabad,3,11000,Net Banking,15%,28050,South,Returning,Completed
ORD0165,17-05-2026,C044,Pooja,Mixer,Home Appliances,Pune,2,3500,Card,0%,7000,West,Returning,Returned
ORD0166,12-04-2026,C090,Amit,Table Lamp,Furniture,Mumbai,4,1800,Net Banking,10%,6480,West,Returning,Completed
ORD0167,02-11-2026,C003,Neha,Mouse,Electronics,Hyderabad,5,900,Net Banking,10%,4050,South,Returning,Completed
ORD0168,06-03-2026,C060,Neha,Bookshelf,Furniture,Delhi,1,6500,Net Banking,5%,6175,North,Returning,Completed
ORD0169,16-10-2026,C058,Meera,Fan,Home Appliances,Mysore,3,2800,Cash,0%,8400,South,Returning,Completed
ORD0170,19-02-2026,C059,Aditya,Office Chair,Furniture,Mumbai,1,8500,Net Banking,0%,8500,West,Returning,Completed
ORD0171,21-02-2026,C063,Pooja,Mixer,Home Appliances,Hyderabad,3,3500,Net Banking,15%,8925,South,Returning,Completed
ORD0172,13-09-2026,C071,Pooja,Jeans,Clothing,Delhi,5,1800,Card,0%,9000,North,Returning,Completed
ORD0173,12-11-2026,C068,Pooja,Shoes,Clothing,Mysore,5,2800,Net Banking,10%,12600,South,Returning,Completed
ORD0174,24-04-2026,C004,Meera,Jeans,Clothing,Mumbai,2,1800,Cash,10%,3240,West,New,Completed
ORD0175,17-10-2026,C022,Suresh,Table Lamp,Furniture,Pune,1,1800,Net Banking,20%,1440,West,Returning,Completed
ORD0176,06-01-2026,C014,Priya,Keyboard,Electronics,Mysore,5,1800,Card,5%,8550,South,New,Completed
ORD0177,25-01-2026,C090,Nikhil,Mixer,Home Appliances,Delhi,1,3500,UPI,15%,2975,North,Returning,Completed
ORD0178,12-10-2026,C002,Ananya,Table Lamp,Furniture,Pune,2,1800,Net Banking,5%,3420,West,Returning,Completed
ORD0179,09-07-2026,C039,Kavya,Jeans,Clothing,Mumbai,3,1800,Card,20%,4320,West,Returning,Completed
ORD0180,16-12-2026,C074,Meera,Laptop,Electronics,Mangalore,3,55000,Cash,5%,156750,South,New,Completed
ORD0181,04-08-2026,C043,Asha,Laptop,Electronics,Bangalore,4,55000,UPI,0%,220000,South,New,Completed
ORD0182,06-11-2026,C054,Sneha,Desk,Furniture,Delhi,4,12000,UPI,5%,45600,North,New,Completed
ORD0183,21-02-2026,C029,Rahul,Fan,Home Appliances,Mumbai,4,2800,Cash,5%,10640,West,Returning,Completed
ORD0184,01-01-2026,C096,Nikhil,Smartphone,Electronics,Delhi,4,32000,Cash,20%,102400,North,Returning,Completed
ORD0185,20-04-2026,C054,Arjun,Jacket,Clothing,Bangalore,4,3200,Cash,15%,10880,South,Returning,Completed
ORD0186,12-04-2026,C086,Amit,Desk,Furniture,Mangalore,4,12000,Cash,20%,38400,South,Returning,Completed
ORD0187,12-12-2026,C083,Ananya,Desk,Furniture,Mumbai,4,12000,Cash,5%,45600,West,Returning,Completed
ORD0188,19-09-2026,C074,Pooja,Microwave,Home Appliances,Mysore,1,11000,UPI,20%,8800,South,Returning,Completed
ORD0189,01-05-2026,C075,Neha,Smartphone,Electronics,Bangalore,3,32000,Cash,20%,76800,South,New,Completed
ORD0190,05-02-2026,C026,Isha,Headphones,Electronics,Bangalore,1,2500,UPI,10%,2250,South,Returning,Completed
ORD0191,25-08-2026,C029,Rahul,T-Shirt,Clothing,Pune,3,900,Net Banking,15%,2295,West,New,Cancelled
ORD0192,29-11-2026,C059,Aditya,Keyboard,Electronics,Mysore,4,1800,UPI,10%,6480,South,Returning,Cancelled
ORD0193,14-04-2026,C070,Neha,Headphones,Electronics,Chennai,1,2500,Net Banking,10%,2250,South,New,Completed
ORD0194,19-04-2026,C049,Rohan,Laptop,Electronics,Mangalore,1,55000,Card,5%,52250,South,Returning,Completed
ORD0195,08-04-2026,C007,Aditya,Mixer,Home Appliances,Pune,4,3500,Card,5%,13300,West,Returning,Completed
ORD0196,13-03-2026,C055,Arjun,Vacuum Cleaner,Home Appliances,Pune,3,7500,Cash,15%,19125,West,Returning,Completed
ORD0197,17-02-2026,C094,Kiran,Fan,Home Appliances,Chennai,3,2800,Net Banking,15%,7140,South,New,Completed
ORD0198,08-04-2026,C095,Suresh,Table Lamp,Furniture,Mangalore,3,1800,Net Banking,10%,4860,South,Returning,Returned
ORD0199,30-12-2026,C087,Kiran,Office Chair,Furniture,Pune,4,8500,Net Banking,0%,34000,West,Returning,Completed
ORD0200,08-01-2026,C026,Neha,Bookshelf,Furniture,Bangalore,1,6500,Net Banking,20%,5200,South,Returning,Completed
ORD0201,06-08-2026,C053,Arjun,Keyboard,Electronics,Mumbai,5,1800,Cash,0%,9000,West,New,Completed
ORD0202,11-04-2026,C070,Meera,Smartphone,Electronics,Bangalore,1,32000,Card,5%,30400,South,New,Returned
ORD0203,26-04-2026,C059,Kiran,Desk,Furniture,Mumbai,5,12000,Card,20%,48000,West,New,Completed
ORD0204,19-01-2026,C009,Arjun,Desk,Furniture,Bangalore,3,12000,Net Banking,5%,34200,South,New,Completed
ORD0205,03-02-2026,C084,Neha,Laptop,Electronics,Bangalore,1,55000,UPI,5%,52250,South,New,Completed
ORD0206,24-01-2026,C009,Sneha,Laptop,Electronics,Delhi,4,55000,UPI,10%,198000,North,New,Completed
ORD0207,07-10-2026,C070,Aditya,Vacuum Cleaner,Home Appliances,Bangalore,2,7500,Net Banking,5%,14250,South,Returning,Completed
ORD0208,12-04-2026,C043,Asha,T-Shirt,Clothing,Delhi,5,900,UPI,10%,4050,North,Returning,Cancelled
ORD0209,31-03-2026,C007,Suresh,Jacket,Clothing,Delhi,3,3200,Net Banking,20%,7680,North,New,Completed
ORD0210,10-04-2026,C035,Arjun,Laptop,Electronics,Chennai,5,55000,Net Banking,5%,261250,South,New,Completed
ORD0211,30-12-2026,C010,Kiran,Laptop,Electronics,Mumbai,4,55000,Net Banking,20%,176000,West,Returning,Cancelled
ORD0212,04-05-2026,C056,Meera,Jacket,Clothing,Mumbai,1,3200,Net Banking,0%,3200,West,Returning,Completed
ORD0213,06-06-2026,C037,Pooja,Keyboard,Electronics,Mangalore,4,1800,Card,20%,5760,South,Returning,Completed
ORD0214,16-03-2026,C063,Suresh,Mixer,Home Appliances,Mysore,4,3500,Cash,5%,13300,South,New,Completed
ORD0215,04-06-2026,C088,Rahul,Mixer,Home Appliances,Pune,1,3500,UPI,5%,3325,West,Returning,Completed
ORD0216,07-04-2026,C087,Manoj,Microwave,Home Appliances,Pune,1,11000,Cash,10%,9900,West,New,Completed
ORD0217,05-07-2026,C012,Sneha,Bookshelf,Furniture,Pune,5,6500,Net Banking,15%,27625,West,Returning,Completed
ORD0218,08-03-2026,C029,Sneha,Jeans,Clothing,Mangalore,2,1800,Card,10%,3240,South,Returning,Completed
ORD0219,02-10-2026,C031,Neha,Smartphone,Electronics,Delhi,4,32000,UPI,0%,128000,North,Returning,Completed
ORD0220,25-08-2026,C093,Aditya,Jacket,Clothing,Pune,2,3200,UPI,0%,6400,West,New,Cancelled
ORD0221,08-02-2026,C046,Aditya,T-Shirt,Clothing,Mangalore,3,900,UPI,20%,2160,South,New,Completed
ORD0222,28-02-2026,C001,Manoj,Jacket,Clothing,Mumbai,5,3200,UPI,15%,13600,West,New,Completed
ORD0223,18-11-2026,C015,Isha,Vacuum Cleaner,Home Appliances,Mumbai,1,7500,Card,5%,7125,West,Returning,Completed
ORD0224,15-07-2026,C087,Pooja,Smartphone,Electronics,Hyderabad,4,32000,UPI,20%,102400,South,New,Completed
ORD0225,21-10-2026,C038,Aditya,Smartphone,Electronics,Pune,1,32000,Net Banking,20%,25600,West,Returning,Completed
ORD0226,25-09-2026,C019,Kavya,Office Chair,Furniture,Mumbai,4,8500,UPI,0%,34000,West,Returning,Completed
ORD0227,17-08-2026,C030,Pooja,T-Shirt,Clothing,Hyderabad,2,900,Net Banking,5%,1710,South,New,Completed
ORD0228,17-07-2026,C016,Meera,Smartphone,Electronics,Hyderabad,2,32000,Cash,5%,60800,South,New,Completed
ORD0229,18-03-2026,C077,Sneha,Fan,Home Appliances,Mangalore,2,2800,UPI,10%,5040,South,New,Completed
ORD0230,22-10-2026,C063,Divya,Table Lamp,Furniture,Chennai,5,1800,Cash,5%,8550,South,Returning,Completed
ORD0231,11-05-2026,C090,Vikram,T-Shirt,Clothing,Mumbai,3,900,UPI,5%,2565,West,Returning,Completed
ORD0232,11-01-2026,C089,Manoj,Microwave,Home Appliances,Delhi,1,11000,UPI,0%,11000,North,Returning,Completed
ORD0233,12-04-2026,C094,Manoj,Headphones,Electronics,Delhi,5,2500,Net Banking,20%,10000,North,Returning,Cancelled
ORD0234,13-07-2026,C035,Divya,Jacket,Clothing,Delhi,2,3200,Cash,5%,6080,North,Returning,Completed
ORD0235,25-04-2026,C001,Pooja,T-Shirt,Clothing,Mumbai,4,900,Net Banking,20%,2880,West,Returning,Completed
ORD0236,27-03-2026,C071,Aditya,Office Chair,Furniture,Mysore,2,8500,Card,10%,15300,South,Returning,Completed
ORD0237,18-11-2026,C097,Sneha,Vacuum Cleaner,Home Appliances,Delhi,5,7500,UPI,0%,37500,North,New,Completed
ORD0238,16-04-2026,C048,Kiran,Desk,Furniture,Hyderabad,1,12000,Card,0%,12000,South,New,Completed
ORD0239,16-11-2026,C089,Arjun,Bookshelf,Furniture,Mumbai,2,6500,Net Banking,5%,12350,West,Returning,Completed
ORD0240,27-03-2026,C051,Asha,Smartphone,Electronics,Bangalore,1,32000,Card,15%,27200,South,New,Completed
ORD0241,04-04-2026,C055,Isha,Mixer,Home Appliances,Mumbai,5,3500,UPI,5%,16625,West,Returning,Completed
ORD0242,26-04-2026,C058,Nikhil,Jeans,Clothing,Bangalore,1,1800,Net Banking,5%,1710,South,New,Completed
ORD0243,14-02-2026,C066,Suresh,Fan,Home Appliances,Delhi,2,2800,Card,0%,5600,North,New,Completed
ORD0244,16-09-2026,C014,Rahul,Smartphone,Electronics,Mumbai,1,32000,Card,5%,30400,West,Returning,Completed
ORD0245,17-10-2026,C059,Vikram,Smartphone,Electronics,Pune,1,32000,Cash,0%,32000,West,Returning,Completed
ORD0246,13-07-2026,C018,Kiran,Jacket,Clothing,Bangalore,5,3200,Card,0%,16000,South,Returning,Completed
ORD0247,22-02-2026,C034,Vikram,Jacket,Clothing,Chennai,3,3200,Net Banking,15%,8160,South,Returning,Completed
ORD0248,23-07-2026,C015,Vikram,Jeans,Clothing,Pune,1,1800,Card,15%,1530,West,Returning,Completed
ORD0249,16-11-2026,C096,Aditya,Shoes,Clothing,Chennai,4,2800,UPI,0%,11200,South,Returning,Returned
ORD0250,21-05-2026,C059,Nikhil,Mouse,Electronics,Mysore,1,900,UPI,10%,810,South,Returning,Completed
ORD0251,23-06-2026,C024,Priya,Jeans,Clothing,Bangalore,3,1800,UPI,0%,5400,South,New,Completed
ORD0252,14-03-2026,C092,Nikhil,Laptop,Electronics,Mysore,3,55000,Net Banking,0%,165000,South,Returning,Completed
ORD0253,15-10-2026,C050,Asha,Bookshelf,Furniture,Hyderabad,3,6500,Net Banking,20%,15600,South,Returning,Completed
ORD0254,12-10-2026,C085,Amit,Jacket,Clothing,Mumbai,4,3200,Cash,10%,11520,West,New,Completed
ORD0255,25-01-2026,C092,Suresh,Table Lamp,Furniture,Pune,1,1800,UPI,10%,1620,West,Returning,Returned
ORD0256,08-11-2026,C056,Meera,Bookshelf,Furniture,Pune,3,6500,UPI,15%,16575,West,Returning,Cancelled
ORD0257,08-01-2026,C036,Meera,Microwave,Home Appliances,Mangalore,4,11000,Net Banking,0%,44000,South,Returning,Completed
ORD0258,02-05-2026,C080,Aditya,Microwave,Home Appliances,Mysore,5,11000,Net Banking,10%,49500,South,Returning,Completed
ORD0259,05-02-2026,C046,Rahul,Vacuum Cleaner,Home Appliances,Delhi,3,7500,Cash,15%,19125,North,New,Returned
ORD0260,23-11-2026,C038,Meera,Mixer,Home Appliances,Chennai,3,3500,Card,15%,8925,South,Returning,Completed
ORD0261,12-06-2026,C073,Amit,T-Shirt,Clothing,Mysore,2,900,Card,0%,1800,South,New,Completed
ORD0262,06-12-2026,C045,Sneha,Keyboard,Electronics,Chennai,2,1800,Net Banking,10%,3240,South,Returning,Completed
ORD0263,17-04-2026,C077,Meera,Desk,Furniture,Mangalore,4,12000,Card,10%,43200,South,Returning,Completed
ORD0264,01-11-2026,C020,Divya,Fan,Home Appliances,Delhi,1,2800,UPI,10%,2520,North,Returning,Completed
ORD0265,03-11-2026,C028,Pooja,Headphones,Electronics,Mangalore,3,2500,Net Banking,5%,7125,South,Returning,Completed
ORD0266,30-11-2026,C094,Manoj,Table Lamp,Furniture,Mysore,1,1800,Cash,15%,1530,South,Returning,Completed
ORD0267,17-05-2026,C019,Sneha,Headphones,Electronics,Bangalore,3,2500,Card,10%,6750,South,Returning,Completed
ORD0268,19-03-2026,C040,Vikram,T-Shirt,Clothing,Pune,2,900,Card,10%,1620,West,Returning,Completed
ORD0269,29-06-2026,C019,Amit,Microwave,Home Appliances,Mumbai,4,11000,Cash,5%,41800,West,New,Completed
ORD0270,19-02-2026,C040,Kavya,Office Chair,Furniture,Mumbai,4,8500,Card,0%,34000,West,Returning,Completed
ORD0271,09-05-2026,C055,Asha,Smartphone,Electronics,Bangalore,4,32000,Net Banking,10%,115200,South,New,Completed
ORD0272,16-07-2026,C005,Ananya,Keyboard,Electronics,Mangalore,1,1800,Cash,20%,1440,South,Returning,Completed
ORD0273,05-09-2026,C074,Sneha,T-Shirt,Clothing,Mumbai,4,900,UPI,15%,3060,West,Returning,Completed
ORD0274,10-08-2026,C025,Amit,Smartphone,Electronics,Delhi,5,32000,Card,10%,144000,North,Returning,Completed
ORD0275,10-12-2026,C067,Vikram,Vacuum Cleaner,Home Appliances,Bangalore,5,7500,Cash,20%,30000,South,New,Completed
ORD0276,13-09-2026,C098,Rohan,Mixer,Home Appliances,Pune,3,3500,UPI,5%,9975,West,Returning,Completed
ORD0277,16-11-2026,C021,Rahul,Laptop,Electronics,Chennai,1,55000,Card,10%,49500,South,New,Completed
ORD0278,08-02-2026,C097,Vikram,T-Shirt,Clothing,Chennai,5,900,Cash,0%,4500,South,Returning,Completed
ORD0279,23-05-2026,C028,Asha,Microwave,Home Appliances,Mumbai,4,11000,Cash,10%,39600,West,Returning,Completed
ORD0280,06-02-2026,C002,Suresh,Microwave,Home Appliances,Mysore,4,11000,UPI,20%,35200,South,Returning,Completed
ORD0281,11-03-2026,C091,Pooja,T-Shirt,Clothing,Bangalore,5,900,UPI,15%,3825,South,Returning,Completed
ORD0282,16-01-2026,C097,Ananya,Headphones,Electronics,Pune,5,2500,UPI,15%,10625,West,Returning,Completed
ORD0283,25-04-2026,C075,Amit,Keyboard,Electronics,Mumbai,5,1800,UPI,0%,9000,West,New,Cancelled
ORD0284,01-01-2026,C034,Kavya,Headphones,Electronics,Mumbai,2,2500,Net Banking,0%,5000,West,Returning,Completed
ORD0285,31-08-2026,C087,Isha,Smartphone,Electronics,Bangalore,5,32000,Net Banking,10%,144000,South,Returning,Completed
ORD0286,26-01-2026,C084,Neha,Keyboard,Electronics,Chennai,2,1800,Net Banking,0%,3600,South,Returning,Completed
ORD0287,07-08-2026,C065,Rahul,Laptop,Electronics,Bangalore,4,55000,Card,5%,209000,South,Returning,Completed
ORD0288,20-11-2026,C025,Isha,Mouse,Electronics,Pune,5,900,Card,0%,4500,West,Returning,Completed
ORD0289,19-11-2026,C064,Asha,Office Chair,Furniture,Mangalore,1,8500,UPI,10%,7650,South,Returning,Completed
ORD0290,14-01-2026,C070,Rahul,Microwave,Home Appliances,Mumbai,2,11000,UPI,15%,18700,West,Returning,Completed
ORD0291,27-07-2026,C027,Ananya,Mouse,Electronics,Chennai,5,900,Card,15%,3825,South,New,Completed
ORD0292,10-06-2026,C080,Asha,Jeans,Clothing,Pune,4,1800,UPI,15%,6120,West,Returning,Completed
ORD0293,16-08-2026,C099,Divya,Desk,Furniture,Mysore,4,12000,Net Banking,5%,45600,South,New,Completed
ORD0294,13-03-2026,C055,Vikram,Jeans,Clothing,Mangalore,4,1800,Cash,0%,7200,South,New,Completed
ORD0295,01-07-2026,C042,Pooja,Jacket,Clothing,Bangalore,4,3200,Net Banking,0%,12800,South,Returning,Cancelled
ORD0296,23-11-2026,C058,Ananya,Shoes,Clothing,Hyderabad,1,2800,Net Banking,15%,2380,South,Returning,Completed
ORD0297,04-07-2026,C031,Asha,Microwave,Home Appliances,Chennai,4,11000,UPI,10%,39600,South,New,Cancelled
ORD0298,25-05-2026,C047,Neha,Keyboard,Electronics,Hyderabad,2,1800,UPI,10%,3240,South,Returning,Completed
ORD0299,16-01-2026,C100,Manoj,Office Chair,Furniture,Delhi,5,8500,UPI,0%,42500,North,Returning,Completed
ORD0300,27-01-2026,C047,Divya,Laptop,Electronics,Chennai,3,55000,Net Banking,0%,165000,South,New,Completed
ORD0301,24-06-2026,C050,Isha,Vacuum Cleaner,Home Appliances,Hyderabad,3,7500,Card,20%,18000,South,Returning,Completed
ORD0302,03-12-2026,C097,Isha,Microwave,Home Appliances,Delhi,2,11000,Net Banking,0%,22000,North,Returning,Completed
ORD0303,10-02-2026,C004,Manoj,Laptop,Electronics,Pune,2,55000,UPI,20%,88000,West,New,Completed
ORD0304,22-09-2026,C085,Asha,Table Lamp,Furniture,Pune,2,1800,Cash,0%,3600,West,Returning,Completed
ORD0305,14-08-2026,C038,Meera,Keyboard,Electronics,Bangalore,3,1800,Card,20%,4320,South,Returning,Completed
ORD0306,07-01-2026,C095,Neha,Jeans,Clothing,Delhi,1,1800,Net Banking,0%,1800,North,Returning,Completed
ORD0307,24-03-2026,C034,Kavya,Shoes,Clothing,Hyderabad,1,2800,Cash,10%,2520,South,New,Completed
ORD0308,15-08-2026,C010,Rahul,Jeans,Clothing,Mysore,1,1800,Cash,5%,1710,South,New,Completed
ORD0309,12-01-2026,C042,Manoj,Table Lamp,Furniture,Mysore,4,1800,Cash,20%,5760,South,Returning,Completed
ORD0310,26-08-2026,C025,Manoj,Laptop,Electronics,Mangalore,1,55000,Cash,20%,44000,South,Returning,Completed
ORD0311,28-10-2026,C016,Arjun,Vacuum Cleaner,Home Appliances,Bangalore,3,7500,Cash,20%,18000,South,Returning,Completed
ORD0312,08-06-2026,C080,Meera,Table Lamp,Furniture,Hyderabad,5,1800,Cash,15%,7650,South,Returning,Completed
ORD0313,16-04-2026,C051,Sneha,Shoes,Clothing,Bangalore,5,2800,Cash,5%,13300,South,New,Cancelled
ORD0314,15-06-2026,C047,Asha,Bookshelf,Furniture,Pune,4,6500,Net Banking,0%,26000,West,Returning,Cancelled
ORD0315,14-02-2026,C008,Aditya,Vacuum Cleaner,Home Appliances,Bangalore,3,7500,Cash,20%,18000,South,Returning,Completed
ORD0316,09-08-2026,C054,Sneha,Keyboard,Electronics,Hyderabad,3,1800,Cash,5%,5130,South,New,Completed
ORD0317,20-01-2026,C060,Arjun,Shoes,Clothing,Mangalore,4,2800,Card,10%,10080,South,New,Completed
ORD0318,19-01-2026,C046,Aditya,Fan,Home Appliances,Delhi,1,2800,UPI,20%,2240,North,Returning,Cancelled
ORD0319,06-02-2026,C066,Nikhil,Microwave,Home Appliances,Mangalore,4,11000,Cash,15%,37400,South,Returning,Completed
ORD0320,06-12-2026,C007,Aditya,Jacket,Clothing,Hyderabad,5,3200,UPI,10%,14400,South,New,Completed
ORD0321,21-11-2026,C095,Asha,Shoes,Clothing,Hyderabad,3,2800,Net Banking,20%,6720,South,Returning,Completed
ORD0322,04-08-2026,C023,Priya,Table Lamp,Furniture,Chennai,2,1800,UPI,0%,3600,South,New,Completed
ORD0323,20-02-2026,C017,Arjun,Fan,Home Appliances,Pune,4,2800,Net Banking,20%,8960,West,New,Completed
ORD0324,10-06-2026,C028,Kiran,T-Shirt,Clothing,Pune,1,900,Card,5%,855,West,Returning,Completed
ORD0325,14-11-2026,C078,Vikram,Smartphone,Electronics,Mumbai,3,32000,Card,0%,96000,West,Returning,Completed
ORD0326,31-10-2026,C050,Kavya,Microwave,Home Appliances,Pune,4,11000,Net Banking,15%,37400,West,New,Cancelled
ORD0327,27-06-2026,C078,Vikram,Keyboard,Electronics,Delhi,2,1800,Net Banking,10%,3240,North,New,Completed
ORD0328,20-03-2026,C011,Neha,Smartphone,Electronics,Hyderabad,3,32000,Cash,20%,76800,South,Returning,Completed
ORD0329,07-12-2026,C022,Pooja,Desk,Furniture,Chennai,1,12000,Cash,15%,10200,South,New,Completed
ORD0330,19-05-2026,C016,Arjun,Desk,Furniture,Pune,3,12000,UPI,5%,34200,West,Returning,Completed
ORD0331,23-04-2026,C074,Nikhil,Microwave,Home Appliances,Bangalore,1,11000,Card,20%,8800,South,Returning,Completed
ORD0332,11-05-2026,C038,Kavya,Laptop,Electronics,Mysore,1,55000,Net Banking,5%,52250,South,New,Completed
ORD0333,24-06-2026,C002,Nikhil,Smartphone,Electronics,Mysore,4,32000,Card,5%,121600,South,New,Completed
ORD0334,08-10-2026,C027,Nikhil,Shoes,Clothing,Delhi,1,2800,Cash,5%,2660,North,New,Completed
ORD0335,25-09-2026,C086,Pooja,T-Shirt,Clothing,Mysore,4,900,Net Banking,20%,2880,South,Returning,Completed
ORD0336,06-05-2026,C088,Priya,Fan,Home Appliances,Mysore,3,2800,Net Banking,10%,7560,South,New,Completed
ORD0337,31-01-2026,C025,Priya,Mouse,Electronics,Mysore,2,900,UPI,20%,1440,South,Returning,Completed
ORD0338,24-05-2026,C098,Arjun,T-Shirt,Clothing,Chennai,2,900,Net Banking,5%,1710,South,Returning,Completed
ORD0339,08-07-2026,C011,Manoj,Vacuum Cleaner,Home Appliances,Delhi,3,7500,Net Banking,5%,21375,North,New,Returned
ORD0340,04-06-2026,C076,Amit,Keyboard,Electronics,Chennai,5,1800,UPI,20%,7200,South,New,Completed
ORD0341,07-03-2026,C011,Arjun,Laptop,Electronics,Hyderabad,3,55000,Net Banking,10%,148500,South,Returning,Completed
ORD0342,16-11-2026,C040,Aditya,Jacket,Clothing,Hyderabad,4,3200,Cash,15%,10880,South,Returning,Completed
ORD0343,13-01-2026,C061,Kiran,Mouse,Electronics,Mumbai,1,900,Net Banking,5%,855,West,New,Completed
ORD0344,05-07-2026,C053,Pooja,Mouse,Electronics,Delhi,2,900,UPI,10%,1620,North,Returning,Completed
ORD0345,11-03-2026,C062,Suresh,Desk,Furniture,Pune,4,12000,Net Banking,5%,45600,West,Returning,Returned
ORD0346,27-05-2026,C064,Arjun,Mixer,Home Appliances,Mumbai,3,3500,UPI,0%,10500,West,Returning,Completed
ORD0347,09-04-2026,C092,Priya,Mouse,Electronics,Mangalore,4,900,Card,10%,3240,South,Returning,Completed
ORD0348,04-04-2026,C008,Kavya,Bookshelf,Furniture,Delhi,1,6500,UPI,0%,6500,North,Returning,Completed
ORD0349,30-06-2026,C090,Kiran,Office Chair,Furniture,Hyderabad,4,8500,Card,10%,30600,South,New,Completed
ORD0350,01-09-2026,C002,Sneha,Jeans,Clothing,Mysore,2,1800,Net Banking,15%,3060,South,New,Completed
ORD0351,14-05-2026,C074,Priya,T-Shirt,Clothing,Delhi,4,900,Cash,5%,3420,North,New,Completed
ORD0352,30-06-2026,C060,Pooja,Jeans,Clothing,Mysore,2,1800,Cash,10%,3240,South,New,Completed
ORD0353,30-05-2026,C012,Arjun,Jacket,Clothing,Delhi,2,3200,Cash,0%,6400,North,Returning,Returned
ORD0354,06-10-2026,C029,Kavya,Mouse,Electronics,Delhi,2,900,Cash,15%,1530,North,Returning,Completed
ORD0355,20-07-2026,C094,Priya,Fan,Home Appliances,Mysore,4,2800,Card,0%,11200,South,New,Completed
ORD0356,29-03-2026,C022,Kavya,Desk,Furniture,Delhi,5,12000,Card,20%,48000,North,Returning,Completed
ORD0357,07-01-2026,C001,Sneha,Microwave,Home Appliances,Pune,1,11000,Card,15%,9350,West,New,Completed
ORD0358,24-01-2026,C027,Asha,Jeans,Clothing,Pune,2,1800,UPI,10%,3240,West,Returning,Completed
ORD0359,13-04-2026,C011,Kiran,Jacket,Clothing,Chennai,3,3200,Cash,5%,9120,South,Returning,Completed
ORD0360,12-01-2026,C018,Kavya,Mixer,Home Appliances,Mumbai,5,3500,UPI,0%,17500,West,Returning,Completed
ORD0361,06-12-2026,C087,Rohan,Microwave,Home Appliances,Hyderabad,4,11000,UPI,15%,37400,South,Returning,Completed
ORD0362,21-10-2026,C056,Rohan,Headphones,Electronics,Mumbai,4,2500,Cash,5%,9500,West,Returning,Completed
ORD0363,13-01-2026,C066,Ananya,Office Chair,Furniture,Chennai,2,8500,UPI,5%,16150,South,New,Completed
ORD0364,16-08-2026,C096,Isha,Table Lamp,Furniture,Pune,3,1800,UPI,5%,5130,West,Returning,Completed
ORD0365,04-10-2026,C031,Arjun,Bookshelf,Furniture,Mumbai,3,6500,Cash,20%,15600,West,Returning,Completed
ORD0366,20-11-2026,C089,Sneha,Fan,Home Appliances,Bangalore,1,2800,Net Banking,15%,2380,South,New,Returned
ORD0367,30-03-2026,C053,Sneha,Vacuum Cleaner,Home Appliances,Chennai,2,7500,UPI,0%,15000,South,Returning,Completed
ORD0368,04-01-2026,C075,Priya,T-Shirt,Clothing,Mangalore,4,900,Cash,20%,2880,South,New,Completed
ORD0369,18-12-2026,C026,Aditya,Jacket,Clothing,Hyderabad,4,3200,Net Banking,15%,10880,South,Returning,Completed
ORD0370,26-01-2026,C065,Asha,Headphones,Electronics,Delhi,4,2500,Net Banking,0%,10000,North,Returning,Returned
ORD0371,27-02-2026,C046,Manoj,Keyboard,Electronics,Pune,3,1800,UPI,15%,4590,West,Returning,Completed
ORD0372,10-10-2026,C091,Rahul,Headphones,Electronics,Delhi,5,2500,Card,20%,10000,North,Returning,Completed
ORD0373,18-05-2026,C051,Amit,Headphones,Electronics,Mumbai,2,2500,Net Banking,15%,4250,West,New,Completed
ORD0374,02-03-2026,C036,Sneha,Vacuum Cleaner,Home Appliances,Delhi,2,7500,UPI,20%,12000,North,Returning,Completed
ORD0375,16-03-2026,C017,Nikhil,Jacket,Clothing,Mangalore,2,3200,UPI,5%,6080,South,Returning,Completed
ORD0376,10-04-2026,C081,Aditya,Microwave,Home Appliances,Pune,2,11000,UPI,0%,22000,West,Returning,Completed
ORD0377,18-05-2026,C063,Divya,Table Lamp,Furniture,Hyderabad,5,1800,UPI,15%,7650,South,Returning,Completed
ORD0378,22-08-2026,C015,Sneha,Headphones,Electronics,Chennai,1,2500,Card,10%,2250,South,Returning,Completed
ORD0379,20-01-2026,C074,Neha,Vacuum Cleaner,Home Appliances,Bangalore,3,7500,Net Banking,0%,22500,South,New,Cancelled
ORD0380,17-03-2026,C042,Asha,T-Shirt,Clothing,Mysore,5,900,Cash,0%,4500,South,New,Completed
ORD0381,27-06-2026,C078,Kavya,Office Chair,Furniture,Delhi,5,8500,UPI,10%,38250,North,Returning,Completed
ORD0382,16-03-2026,C048,Aditya,Shoes,Clothing,Mumbai,5,2800,UPI,15%,11900,West,Returning,Completed
ORD0383,09-04-2026,C074,Ananya,Table Lamp,Furniture,Chennai,3,1800,Card,5%,5130,South,Returning,Completed
ORD0384,31-05-2026,C048,Meera,Headphones,Electronics,Bangalore,2,2500,Card,5%,4750,South,Returning,Completed
ORD0385,26-01-2026,C024,Amit,T-Shirt,Clothing,Bangalore,1,900,Cash,0%,900,South,Returning,Completed
ORD0386,10-12-2026,C027,Aditya,Vacuum Cleaner,Home Appliances,Mysore,1,7500,UPI,0%,7500,South,Returning,Completed
ORD0387,06-03-2026,C005,Meera,Bookshelf,Furniture,Mangalore,3,6500,Net Banking,10%,17550,South,New,Completed
ORD0388,03-05-2026,C053,Isha,Keyboard,Electronics,Pune,3,1800,Net Banking,20%,4320,West,Returning,Completed
ORD0389,03-02-2026,C049,Kavya,Microwave,Home Appliances,Mumbai,3,11000,Card,5%,31350,West,New,Completed
ORD0390,19-04-2026,C067,Asha,Mixer,Home Appliances,Pune,4,3500,Cash,0%,14000,West,New,Completed
ORD0391,31-03-2026,C040,Kavya,Desk,Furniture,Delhi,3,12000,UPI,5%,34200,North,Returning,Completed
ORD0392,12-01-2026,C009,Kiran,Mixer,Home Appliances,Chennai,4,3500,Cash,0%,14000,South,Returning,Returned
ORD0393,31-01-2026,C072,Asha,T-Shirt,Clothing,Mumbai,1,900,Net Banking,20%,720,West,Returning,Returned
ORD0394,31-05-2026,C020,Divya,Mixer,Home Appliances,Pune,2,3500,Net Banking,15%,5950,West,Returning,Completed
ORD0395,24-10-2026,C001,Rohan,Shoes,Clothing,Mumbai,1,2800,UPI,20%,2240,West,Returning,Completed
ORD0396,19-06-2026,C024,Sneha,Headphones,Electronics,Mangalore,4,2500,Card,20%,8000,South,New,Completed
ORD0397,21-05-2026,C046,Asha,Shoes,Clothing,Hyderabad,4,2800,Cash,15%,9520,South,Returning,Completed
ORD0398,03-11-2026,C023,Suresh,Mixer,Home Appliances,Hyderabad,1,3500,Net Banking,0%,3500,South,Returning,Completed
ORD0399,16-05-2026,C068,Ananya,Table Lamp,Furniture,Mysore,5,1800,UPI,5%,8550,South,New,Completed
ORD0400,08-07-2026,C042,Ananya,Vacuum Cleaner,Home Appliances,Pune,4,7500,UPI,5%,28500,West,New,Completed
ORD0401,24-06-2026,C080,Pooja,Keyboard,Electronics,Pune,3,1800,UPI,15%,4590,West,Returning,Completed
ORD0402,29-09-2026,C005,Rohan,Table Lamp,Furniture,Delhi,1,1800,Net Banking,0%,1800,North,Returning,Completed
ORD0403,31-05-2026,C089,Ananya,Laptop,Electronics,Mumbai,2,55000,Net Banking,15%,93500,West,New,Completed
ORD0404,06-12-2026,C081,Ananya,Desk,Furniture,Chennai,1,12000,UPI,10%,10800,South,Returning,Completed
ORD0405,08-04-2026,C085,Asha,Headphones,Electronics,Mysore,5,2500,Card,5%,11875,South,Returning,Completed
ORD0406,26-04-2026,C011,Meera,Bookshelf,Furniture,Mysore,3,6500,Cash,5%,18525,South,Returning,Completed
ORD0407,08-12-2026,C100,Aditya,Jeans,Clothing,Mumbai,1,1800,Card,5%,1710,West,New,Completed
ORD0408,05-10-2026,C085,Asha,Jacket,Clothing,Hyderabad,2,3200,Card,5%,6080,South,Returning,Completed
ORD0409,11-05-2026,C075,Neha,Laptop,Electronics,Mumbai,5,55000,Net Banking,10%,247500,West,Returning,Completed
ORD0410,12-08-2026,C096,Kavya,Desk,Furniture,Mysore,1,12000,Cash,0%,12000,South,Returning,Completed
ORD0411,29-10-2026,C019,Priya,Desk,Furniture,Mysore,3,12000,UPI,5%,34200,South,Returning,Completed
ORD0412,02-03-2026,C035,Amit,Jeans,Clothing,Pune,3,1800,Card,15%,4590,West,New,Completed
ORD0413,11-10-2026,C018,Rohan,Desk,Furniture,Mysore,4,12000,Cash,20%,38400,South,New,Completed
ORD0414,16-11-2026,C099,Suresh,Desk,Furniture,Pune,2,12000,Card,10%,21600,West,Returning,Completed
ORD0415,19-08-2026,C100,Suresh,Headphones,Electronics,Delhi,2,2500,Cash,5%,4750,North,Returning,Completed
ORD0416,02-01-2026,C044,Aditya,Desk,Furniture,Mangalore,5,12000,Cash,15%,51000,South,Returning,Completed
ORD0417,25-06-2026,C053,Neha,Laptop,Electronics,Delhi,4,55000,Cash,5%,209000,North,Returning,Completed
ORD0418,30-11-2026,C001,Aditya,Keyboard,Electronics,Mysore,4,1800,Card,0%,7200,South,Returning,Completed
ORD0419,09-07-2026,C085,Meera,Shoes,Clothing,Bangalore,4,2800,Net Banking,15%,9520,South,New,Completed
ORD0420,16-08-2026,C069,Arjun,T-Shirt,Clothing,Mumbai,3,900,Net Banking,5%,2565,West,New,Completed
ORD0421,13-01-2026,C018,Rahul,Desk,Furniture,Chennai,1,12000,Net Banking,15%,10200,South,Returning,Completed
ORD0422,03-11-2026,C078,Asha,Microwave,Home Appliances,Chennai,2,11000,UPI,5%,20900,South,New,Completed
ORD0423,25-06-2026,C069,Neha,Laptop,Electronics,Pune,2,55000,UPI,5%,104500,West,New,Completed
ORD0424,31-12-2026,C063,Rahul,Microwave,Home Appliances,Pune,2,11000,UPI,10%,19800,West,Returning,Completed
ORD0425,03-11-2026,C100,Pooja,Office Chair,Furniture,Bangalore,4,8500,Card,10%,30600,South,Returning,Completed
ORD0426,06-10-2026,C006,Meera,Mixer,Home Appliances,Chennai,3,3500,Net Banking,20%,8400,South,Returning,Completed
ORD0427,17-05-2026,C031,Ananya,Laptop,Electronics,Mumbai,3,55000,UPI,20%,132000,West,Returning,Completed
ORD0428,27-10-2026,C034,Amit,Mixer,Home Appliances,Bangalore,2,3500,Cash,15%,5950,South,New,Cancelled
ORD0429,25-01-2026,C058,Divya,Fan,Home Appliances,Mysore,1,2800,Card,20%,2240,South,Returning,Completed
ORD0430,07-05-2026,C008,Aditya,Office Chair,Furniture,Pune,1,8500,Cash,15%,7225,West,Returning,Completed
ORD0431,05-06-2026,C076,Rahul,Desk,Furniture,Chennai,5,12000,Cash,20%,48000,South,New,Completed
ORD0432,20-02-2026,C069,Nikhil,Jacket,Clothing,Chennai,4,3200,UPI,0%,12800,South,New,Completed
ORD0433,29-06-2026,C001,Aditya,Bookshelf,Furniture,Mumbai,3,6500,Card,10%,17550,West,New,Completed
ORD0434,19-02-2026,C055,Vikram,Headphones,Electronics,Mysore,2,2500,Cash,20%,4000,South,New,Completed
ORD0435,30-05-2026,C068,Kavya,Smartphone,Electronics,Hyderabad,4,32000,Net Banking,15%,108800,South,Returning,Completed
ORD0436,05-04-2026,C053,Kavya,Bookshelf,Furniture,Mumbai,5,6500,Card,20%,26000,West,Returning,Cancelled
ORD0437,23-12-2026,C081,Arjun,T-Shirt,Clothing,Mumbai,2,900,Card,0%,1800,West,Returning,Completed
ORD0438,02-03-2026,C092,Asha,Office Chair,Furniture,Bangalore,5,8500,Cash,10%,38250,South,New,Completed
ORD0439,24-06-2026,C050,Manoj,Laptop,Electronics,Hyderabad,2,55000,Card,20%,88000,South,Returning,Completed
ORD0440,25-05-2026,C029,Meera,Smartphone,Electronics,Mumbai,4,32000,UPI,20%,102400,West,Returning,Completed
ORD0441,20-04-2026,C025,Divya,Jeans,Clothing,Mysore,3,1800,Card,15%,4590,South,New,Completed
ORD0442,20-05-2026,C093,Suresh,Table Lamp,Furniture,Bangalore,1,1800,Card,0%,1800,South,New,Completed
ORD0443,09-04-2026,C051,Amit,Desk,Furniture,Chennai,4,12000,Cash,0%,48000,South,Returning,Completed
ORD0444,12-03-2026,C050,Arjun,Headphones,Electronics,Mysore,5,2500,UPI,5%,11875,South,New,Completed
ORD0445,14-10-2026,C002,Nikhil,Desk,Furniture,Mangalore,4,12000,Card,15%,40800,South,Returning,Completed
ORD0446,11-07-2026,C099,Neha,T-Shirt,Clothing,Chennai,3,900,Card,20%,2160,South,New,Cancelled
ORD0447,25-01-2026,C027,Manoj,Keyboard,Electronics,Delhi,1,1800,Cash,10%,1620,North,New,Completed
ORD0448,28-10-2026,C066,Suresh,Laptop,Electronics,Mumbai,5,55000,UPI,0%,275000,West,New,Completed
ORD0449,13-10-2026,C015,Kavya,Office Chair,Furniture,Pune,3,8500,UPI,20%,20400,West,Returning,Completed
ORD0450,22-03-2026,C095,Ananya,Mouse,Electronics,Bangalore,1,900,UPI,20%,720,South,Returning,Completed
ORD0451,04-01-2026,C060,Pooja,Shoes,Clothing,Pune,2,2800,UPI,15%,4760,West,Returning,Completed
ORD0452,29-07-2026,C075,Suresh,Vacuum Cleaner,Home Appliances,Bangalore,4,7500,UPI,0%,30000,South,Returning,Completed
ORD0453,09-04-2026,C044,Asha,Smartphone,Electronics,Bangalore,2,32000,Card,0%,64000,South,Returning,Completed
ORD0454,16-05-2026,C062,Vikram,Desk,Furniture,Mumbai,3,12000,Net Banking,20%,28800,West,Returning,Completed
ORD0455,26-01-2026,C026,Rohan,Shoes,Clothing,Delhi,3,2800,Card,0%,8400,North,Returning,Completed
ORD0456,06-10-2026,C063,Aditya,Vacuum Cleaner,Home Appliances,Pune,5,7500,UPI,10%,33750,West,Returning,Completed
ORD0457,16-01-2026,C097,Divya,Vacuum Cleaner,Home Appliances,Mumbai,4,7500,Net Banking,15%,25500,West,Returning,Completed
ORD0458,27-03-2026,C036,Kiran,Desk,Furniture,Chennai,2,12000,Net Banking,15%,20400,South,New,Completed
ORD0459,28-05-2026,C067,Priya,T-Shirt,Clothing,Delhi,4,900,Card,0%,3600,North,Returning,Completed
ORD0460,03-02-2026,C097,Rohan,Table Lamp,Furniture,Bangalore,5,1800,UPI,20%,7200,South,Returning,Completed
ORD0461,16-12-2026,C076,Kavya,Jacket,Clothing,Pune,1,3200,UPI,15%,2720,West,Returning,Completed
ORD0462,30-06-2026,C076,Vikram,Bookshelf,Furniture,Chennai,1,6500,Net Banking,5%,6175,South,New,Completed
ORD0463,08-01-2026,C079,Pooja,Jeans,Clothing,Bangalore,4,1800,UPI,10%,6480,South,New,Completed
ORD0464,16-06-2026,C013,Manoj,Jeans,Clothing,Mumbai,3,1800,Card,20%,4320,West,Returning,Completed
ORD0465,31-05-2026,C007,Priya,Shoes,Clothing,Pune,3,2800,Net Banking,15%,7140,West,Returning,Completed
ORD0466,12-11-2026,C094,Rahul,Mixer,Home Appliances,Hyderabad,1,3500,Card,5%,3325,South,Returning,Completed
ORD0467,04-08-2026,C015,Manoj,Keyboard,Electronics,Chennai,3,1800,Net Banking,20%,4320,South,Returning,Completed
ORD0468,28-04-2026,C050,Amit,Desk,Furniture,Bangalore,5,12000,Net Banking,5%,57000,South,Returning,Completed
ORD0469,20-02-2026,C079,Sneha,Bookshelf,Furniture,Delhi,5,6500,Net Banking,10%,29250,North,Returning,Completed
ORD0470,16-05-2026,C027,Suresh,Jeans,Clothing,Mysore,1,1800,UPI,15%,1530,South,Returning,Completed
ORD0471,11-05-2026,C073,Sneha,Smartphone,Electronics,Bangalore,5,32000,UPI,0%,160000,South,Returning,Completed
ORD0472,31-08-2026,C070,Manoj,Mixer,Home Appliances,Bangalore,4,3500,Cash,5%,13300,South,Returning,Completed
ORD0473,02-07-2026,C022,Aditya,Headphones,Electronics,Hyderabad,5,2500,Card,15%,10625,South,New,Completed
ORD0474,25-07-2026,C033,Asha,T-Shirt,Clothing,Pune,1,900,Cash,20%,720,West,New,Completed
ORD0475,10-04-2026,C076,Divya,Mixer,Home Appliances,Mangalore,1,3500,Cash,10%,3150,South,New,Completed
ORD0476,26-03-2026,C005,Pooja,Office Chair,Furniture,Pune,2,8500,Cash,20%,13600,West,New,Completed
ORD0477,16-04-2026,C010,Rohan,Jeans,Clothing,Bangalore,5,1800,Net Banking,20%,7200,South,New,Completed
ORD0478,21-11-2026,C046,Rohan,Headphones,Electronics,Hyderabad,2,2500,Cash,5%,4750,South,Returning,Completed
ORD0479,21-03-2026,C056,Vikram,Fan,Home Appliances,Delhi,4,2800,Card,15%,9520,North,Returning,Completed
ORD0480,02-12-2026,C050,Neha,Headphones,Electronics,Bangalore,4,2500,Card,15%,8500,South,Returning,Completed
ORD0481,25-07-2026,C033,Vikram,T-Shirt,Clothing,Mumbai,3,900,Net Banking,15%,2295,West,New,Completed
ORD0482,      17-09-2026,C055,Suresh,Table Lamp,Furniture,Bangalore,1,1800,Card,0%,1800,South,Returning,Completed
ORD0483,       01-09-2026,C082,Rohan,Table Lamp,Furniture,Mumbai,5,1800,Cash,5%,8550,West,Returning,Completed
ORD0484,22-12-2026,C057,Manoj,Bookshelf,Furniture,Mumbai,1,6500,Cash,0%,6500,West,Returning,Completed
ORD0485,07-10-2026,C040,Kiran,Smartphone,Electronics,Mangalore,2,32000,UPI,10%,57600,South,New,Completed
ORD0486,09-07-2026,C089,Divya,Laptop,Electronics,Hyderabad,1,55000,Cash,0%,55000,South,New,Completed
ORD0487,26-04-2026,C027,Manoj,Mixer,Home Appliances,Mumbai,3,3500,Net Banking,20%,8400,West,New,Completed
ORD0488,10-02-2026,C021,Meera,Bookshelf,Furniture,Hyderabad,1,6500,Card,5%,6175,South,Returning,Completed
ORD0489,03-02-2026,C065,Aditya,Shoes,Clothing,Hyderabad,4,2800,Card,15%,9520,South,Returning,Completed
ORD0490,03-10-2026,C072,Suresh,Shoes,Clothing,Delhi,1,2800,Card,5%,2660,North,Returning,Completed
ORD0491,13-09-2026,C018,Kiran,Smartphone,Electronics,Pune,3,32000,Net Banking,10%,86400,West,Returning,Completed
ORD0492,16-07-2026,C099,Meera,Jacket,Clothing,Mumbai,3,3200,Cash,15%,8160,West,Returning,Completed
ORD0493,28-03-2026,C096,Amit,Laptop,Electronics,Bangalore,2,55000,UPI,0%,110000,South,Returning,Completed
ORD0494,24-05-2026,C077,Vikram,Table Lamp,Furniture,Bangalore,3,1800,Card,5%,5130,South,Returning,Completed
ORD0495,24-09-2026,C083,Neha,Fan,Home Appliances,Chennai,4,2800,Net Banking,20%,8960,South,Returning,Completed
ORD0496,14-03-2026,C078,Priya,Desk,Furniture,Mysore,4,12000,UPI,0%,48000,South,Returning,Completed
ORD0497,03-07-2026,C100,Ananya,Vacuum Cleaner,Home Appliances,Mangalore,5,7500,UPI,10%,33750,South,Returning,Completed
ORD0498,03-01-2026,C062,Meera,Jacket,Clothing,Mangalore,3,3200,Net Banking,15%,8160,South,Returning,Completed
ORD0499,17-07-2026,C056,Sneha,Bookshelf,Furniture,Delhi,2,6500,UPI,15%,11050,North,New,Completed
ORD0500,15-03-2026,C080,Divya,Microwave,Home Appliances,Delhi,3,11000,Card,15%,28050,North,New,Returned
